{
  "pareto_fronts": [
    [
      {
        "id": 131,
        "rank": 1,
        "crowding_distance": null,
        "weights": [
          0.8292293174015444,
          0.17077068259845554
        ],
        "average_returns": 1498830234.664482,
        "volatility": 66.48414633717191,
        "sharpe_ratio": 21.849192597648372
      },
      {
        "id": 130,
        "rank": 1,
        "crowding_distance": null,
        "weights": [
          0.8292281966641364,
          0.17077180333586361
        ],
        "average_returns": 1498830587.0717204,
        "volatility": 66.48415388109355,
        "sharpe_ratio": 21.849195349540164
      }
    ]
  ],
  "best_average_return_per_generation": [
    1503864371.4923434,
    1503864371.4923434,
    1501615435.646839,
    1498737986.6599152,
    1498737986.6599152,
    1498832335.2185776,
    1498832335.2185776,
    1498832335.2185776,
    1498832335.2185776,
    1498832335.2185776
  ],
  "average_return_per_generation": [
    1498320838.412843,
    1498212608.742969,
    1500176711.153377,
    1498737986.6599152,
    1498737986.6599152,
    1498785160.9392464,
    1498824148.7794456,
    1498825632.831501,
    1498830345.554372,
    1498830345.554372
  ],
  "best_average_volatility_per_generation": [
    66.35685354449168,
    66.35238608272884,
    66.48217213066819,
    66.48217213066819,
    66.48217213066819,
    66.48217213066819,
    66.48384082493345,
    66.48390435784974,
    66.48410611883125,
    66.48410611883122
  ],
  "average_volatility_per_generation": [
    66.47516833709587,
    66.47293460621444,
    66.51321114105832,
    66.48217213066819,
    66.48217213066819,
    66.48318171713566,
    66.4840160642683,
    66.48404783072644,
    66.4841487112172,
    66.48414871121719
  ],
  "best_average_sharpe_ratio_per_generation": [
    21.88790062067305,
    21.88790062067305,
    21.870757155964085,
    21.848472044196587,
    21.848472044196587,
    21.849209000452024,
    21.849209000452024,
    21.849209000452024,
    21.849209000452024,
    21.849209000452024
  ],
  "average_sharpe_ratio_per_generation": [
    21.84447608789592,
    21.843599069748187,
    21.859614600080334,
    21.848472044196587,
    21.848472044196587,
    21.848840522324306,
    21.849145071414746,
    21.849156661056817,
    21.849193463476126,
    21.849193463476126
  ],
  "final_summary": {
    "best_return": 1498830587.0717204,
    "population_average_return": 1498830410.8681011,
    "best_volatility": 66.48414633717191,
    "population_average_volatility": 66.48415010913273,
    "best_sharpe": 21.849195349540164,
    "population_average_sharpe": 21.849193973594268
  }
}