{
  "pareto_fronts": [
    [
      {
        "id": 109,
        "rank": 1,
        "crowding_distance": null,
        "weights": [
          0.5778918334614127,
          0.4221081665385873
        ],
        "average_returns": 672066.6838561223,
        "volatility": 1.0069338166696273,
        "sharpe_ratio": 0.6554076137767748
      },
      {
        "id": 108,
        "rank": 1,
        "crowding_distance": null,
        "weights": [
          0.5775660637808573,
          0.42243393621914277
        ],
        "average_returns": 672115.4604090363,
        "volatility": 1.0069952982621526,
        "sharpe_ratio": 0.6554152453496347
      }
    ]
  ],
  "best_average_return_per_generation": [
    672409.8379407541,
    672409.8379407541,
    672409.8379407541,
    672184.4415404185,
    672181.1132074296,
    672126.8515498139,
    672126.8515498139,
    672066.6838561223,
    672066.6838561223,
    672282.9090389354
  ],
  "average_return_per_generation": [
    669684.994609799,
    671453.000844935,
    672274.0614715312,
    672179.8688587777,
    672103.6113674674,
    672082.1060759979,
    672096.7677029681,
    672066.6838561223,
    672066.6838561223,
    672174.7964475289
  ],
  "best_average_volatility_per_generation": [
    1.0005826432924805,
    1.0049624376041544,
    1.0070240733481486,
    1.007070740676309,
    1.0068826854674588,
    1.0068968628500194,
    1.0069338166696273,
    1.0069338166696273,
    1.0069338166696273,
    1.0069338166696273
  ],
  "average_volatility_per_generation": [
    1.0039746613249103,
    1.006164558480747,
    1.0071953763527444,
    1.0070765070436445,
    1.006980380815516,
    1.0069532607818688,
    1.0069717376916727,
    1.0069338166696273,
    1.0069338166696273,
    1.007070148206814
  ],
  "best_average_sharpe_ratio_per_generation": [
    0.6554610566944504,
    0.6554610566944504,
    0.6554610566944504,
    0.6554260182624276,
    0.6554254990046782,
    0.65541702592961,
    0.65541702592961,
    0.6554076137767748,
    0.6554076137767748,
    0.6554413558121248
  ],
  "average_sharpe_ratio_per_generation": [
    0.6550022931243009,
    0.6553083523268461,
    0.6554399345898516,
    0.6554253048071296,
    0.6554133778291471,
    0.6554100230957484,
    0.6554123198531925,
    0.6554076137767748,
    0.6554076137767748,
    0.6554244847944498
  ],
  "final_summary": {
    "best_return": 672115.4604090363,
    "population_average_return": 672091.0721325793,
    "best_volatility": 1.0069338166696273,
    "population_average_volatility": 1.0069645574658899,
    "best_sharpe": 0.6554152453496347,
    "population_average_sharpe": 0.6554114295632048
  }
}