{
  "pareto_fronts": [
    [
      {
        "id": 20,
        "rank": 1,
        "crowding_distance": null,
        "weights": [
          0.8192599381775862,
          0.18074006182241376
        ],
        "average_returns": 1501965029.115033,
        "volatility": 66.5518622337538,
        "sharpe_ratio": 21.87343784178379
      },
      {
        "id": 21,
        "rank": 1,
        "crowding_distance": null,
        "weights": [
          0.8192599381775862,
          0.18074006182241376
        ],
        "average_returns": 1501965029.115033,
        "volatility": 66.5518622337538,
        "sharpe_ratio": 21.87343784178379
      }
    ]
  ],
  "best_average_return_per_generation": [
    1503864371.4923434,
    1503864371.4923434,
    1503864371.4923434,
    1503864371.4923437,
    1502292490.37962,
    1502292490.3796206,
    1502094550.933855,
    1501965655.7426238,
    1501965029.115033,
    1501965029.115033
  ],
  "average_return_per_generation": [
    1498320838.412843,
    1498320838.412843,
    1499099994.2263153,
    1502347822.4916859,
    1501561881.9353242,
    1502043924.740106,
    1502014607.817574,
    1501965342.4288282,
    1501965029.115033,
    1501965029.115033
  ],
  "best_average_volatility_per_generation": [
    66.35685354449168,
    66.35685354449168,
    66.38918803455019,
    66.52723082195779,
    66.52723082195779,
    66.54816593113432,
    66.55120047558705,
    66.5518622337538,
    66.5518622337538,
    66.5518622337538
  ],
  "average_volatility_per_generation": [
    66.47516833709587,
    66.47516833709587,
    66.49133558212512,
    66.56035697582891,
    66.5431184808201,
    66.55358603540839,
    66.5529433869947,
    66.55186906267618,
    66.5518622337538,
    66.5518622337538
  ],
  "best_average_sharpe_ratio_per_generation": [
    21.88790062067305,
    21.88790062067305,
    21.88790062067305,
    21.88790062067305,
    21.87594355194135,
    21.875943551941347,
    21.874429542275443,
    21.87344264155687,
    21.87343784178379,
    21.87343784178379
  ],
  "average_sharpe_ratio_per_generation": [
    21.84447608789592,
    21.84447608789592,
    21.85075670386624,
    21.876311844109352,
    21.8703333097435,
    21.874040543860424,
    21.873817389856413,
    21.87344024167033,
    21.87343784178379,
    21.87343784178379
  ],
  "final_summary": {
    "best_return": 1501965029.115033,
    "population_average_return": 1501965029.115033,
    "best_volatility": 66.5518622337538,
    "population_average_volatility": 66.5518622337538,
    "best_sharpe": 21.87343784178379,
    "population_average_sharpe": 21.87343784178379
  }
}