{
  "pareto_fronts": [
    [
      {
        "id": 21,
        "rank": 1,
        "crowding_distance": null,
        "weights": [
          0.613340188423575,
          0.38665981157642504
        ],
        "average_returns": 666759.1041004509,
        "volatility": 1.0003360817838116,
        "sharpe_ratio": 0.6545068401922208
      },
      {
        "id": 20,
        "rank": 1,
        "crowding_distance": null,
        "weights": [
          0.6128477797751473,
          0.38715222022485274
        ],
        "average_returns": 666832.8310244988,
        "volatility": 1.00042646859333,
        "sharpe_ratio": 0.6545203184622009
      }
    ]
  ],
  "best_average_return_per_generation": [
    672409.8379407541,
    666960.1512788438,
    666960.1512788438,
    666894.5428056162,
    666877.8812884378,
    666873.2225240569,
    666873.2225240569,
    666873.2225240569,
    666873.2225240569,
    666832.8310244988
  ],
  "average_return_per_generation": [
    669684.994609799,
    666960.1512788438,
    666907.4012505356,
    666874.597013922,
    666875.5519062474,
    666873.2225240569,
    666873.2225240569,
    666835.0529072293,
    666853.0267742779,
    666832.8310244988
  ],
  "best_average_volatility_per_generation": [
    1.0005826432924805,
    1.0005826432924805,
    1.000453226305328,
    1.0004532263053283,
    1.0004760024230628,
    1.0004760024230628,
    1.0004760024230628,
    1.000382393372482,
    1.00042646859333,
    1.00042646859333
  ],
  "average_volatility_per_generation": [
    1.0039746613249103,
    1.0005826432924805,
    1.0005179347989044,
    1.0004776895165266,
    1.0004788593896512,
    1.0004760024230628,
    1.0004760024230628,
    1.0004291978977724,
    1.0004512355081965,
    1.00042646859333
  ],
  "best_average_sharpe_ratio_per_generation": [
    0.6554610566944504,
    0.6545435295541513,
    0.6545435295541513,
    0.6545315790553028,
    0.6545285407149746,
    0.6545276909065555,
    0.6545276909065555,
    0.6545276909065555,
    0.6545276909065555,
    0.6545203184622009
  ],
  "average_sharpe_ratio_per_generation": [
    0.6550022931243009,
    0.6545435295541513,
    0.6545339158827352,
    0.654527940633311,
    0.654528115810765,
    0.6545276909065555,
    0.6545276909065555,
    0.6545207205389959,
    0.6545240046843782,
    0.6545203184622009
  ],
  "final_summary": {
    "best_return": 666832.8310244988,
    "population_average_return": 666795.9675624748,
    "best_volatility": 1.0003360817838116,
    "population_average_volatility": 1.0003812751885708,
    "best_sharpe": 0.6545203184622009,
    "population_average_sharpe": 0.6545135793272109
  }
}