{
  "pareto_fronts": [
    [
      {
        "id": 86,
        "rank": 1,
        "crowding_distance": null,
        "weights": [
          0.8420958724724794,
          0.15790412752752056
        ],
        "average_returns": 1494784445.600991,
        "volatility": 66.39855733829624,
        "sharpe_ratio": 21.817209139732313
      },
      {
        "id": 87,
        "rank": 1,
        "crowding_distance": null,
        "weights": [
          0.8420958724724794,
          0.15790412752752056
        ],
        "average_returns": 1494784445.600991,
        "volatility": 66.39855733829624,
        "sharpe_ratio": 21.817209139732313
      }
    ]
  ],
  "best_average_return_per_generation": [
    1503864371.4923434,
    1503864371.4923434,
    1494784445.600991,
    1494784445.600991,
    1494784445.600991,
    1494784445.600991,
    1494784445.600991,
    1494784445.600991,
    1494784445.600991,
    1494784445.600991
  ],
  "average_return_per_generation": [
    1498320838.412843,
    1499324408.546667,
    1494784445.600991,
    1494784445.600991,
    1494784445.600991,
    1494784445.600991,
    1494784445.600991,
    1494784445.600991,
    1494784445.600991,
    1494784445.600991
  ],
  "best_average_volatility_per_generation": [
    66.35685354449168,
    66.39855733829624,
    66.39855733829624,
    66.39855733829624,
    66.39855733829624,
    66.39855733829624,
    66.39855733829624,
    66.39855733829624,
    66.39855733829624,
    66.39855733829624
  ],
  "average_volatility_per_generation": [
    66.47516833709587,
    66.49602023399814,
    66.39855733829624,
    66.39855733829624,
    66.39855733829624,
    66.39855733829624,
    66.39855733829624,
    66.39855733829624,
    66.39855733829624,
    66.39855733829624
  ],
  "best_average_sharpe_ratio_per_generation": [
    21.88790062067305,
    21.88790062067305,
    21.817209139732313,
    21.817209139732313,
    21.817209139732313,
    21.817209139732313,
    21.817209139732313,
    21.817209139732313,
    21.817209139732313,
    21.817209139732313
  ],
  "average_sharpe_ratio_per_generation": [
    21.84447608789592,
    21.852554880202682,
    21.817209139732313,
    21.817209139732313,
    21.817209139732313,
    21.817209139732313,
    21.817209139732313,
    21.817209139732313,
    21.817209139732313,
    21.817209139732313
  ],
  "final_summary": {
    "best_return": 1494784445.600991,
    "population_average_return": 1494784445.600991,
    "best_volatility": 66.39855733829624,
    "population_average_volatility": 66.39855733829624,
    "best_sharpe": 21.817209139732313,
    "population_average_sharpe": 21.817209139732313
  }
}