{
  "pareto_fronts": [
    [
      {
        "id": 42,
        "rank": 1,
        "crowding_distance": null,
        "weights": [
          0.5937796960968367,
          0.40622030390316327
        ],
        "average_returns": 669687.8400938467,
        "volatility": 1.0039540326905483,
        "sharpe_ratio": 0.6550212199536017
      },
      {
        "id": 43,
        "rank": 1,
        "crowding_distance": null,
        "weights": [
          0.5914172837195429,
          0.40858271628045706
        ],
        "average_returns": 670041.5572725893,
        "volatility": 1.0043947814060994,
        "sharpe_ratio": 0.6550804433103642
      }
    ]
  ],
  "best_average_return_per_generation": [
    672409.8379407541,
    672409.8379407541,
    670362.9297057563,
    670305.4640826063,
    670305.4640826063,
    670133.0156930647,
    670056.5381381408,
    670041.5572725893,
    670041.5572725893,
    670041.5572725893
  ],
  "average_return_per_generation": [
    669684.994609799,
    671058.9966087403,
    670035.5424912414,
    670137.0775899887,
    670156.1158245708,
    670069.8916298,
    670031.652852338,
    670024.1624195622,
    670041.5572725893,
    670041.5572725893
  ],
  "best_average_volatility_per_generation": [
    1.0005826432924805,
    1.0039793243520805,
    1.0039793243520805,
    1.0043039200589094,
    1.0043513956595191,
    1.0043513956595191,
    1.0043513956595191,
    1.0043513956595191,
    1.0043947814060994,
    1.0043947814060994
  ],
  "average_volatility_per_generation": [
    1.0039746613249103,
    1.0056730018547102,
    1.0043876283660949,
    1.004514036046484,
    1.0045377738467889,
    1.0044301355472829,
    1.0043824309568246,
    1.0043730885328093,
    1.0043947814060994,
    1.0043947814060994
  ],
  "best_average_sharpe_ratio_per_generation": [
    0.6554610566944504,
    0.6554610566944504,
    0.6551337132814702,
    0.65512422545658,
    0.65512422545658,
    0.6550956553324169,
    0.6550829378751223,
    0.6550804433103642,
    0.6550804433103642,
    0.6550804433103642
  ],
  "average_sharpe_ratio_per_generation": [
    0.6550022931243009,
    0.6552428474311709,
    0.6550791757246808,
    0.6550962597298368,
    0.6550994357031577,
    0.6550851506410762,
    0.6550787919124288,
    0.6550775446300499,
    0.6550804433103642,
    0.6550804433103642
  ],
  "final_summary": {
    "best_return": 670041.5572725893,
    "population_average_return": 669864.698683218,
    "best_volatility": 1.0039540326905483,
    "population_average_volatility": 1.0041744070483238,
    "best_sharpe": 0.6550804433103642,
    "population_average_sharpe": 0.655050831631983
  }
}