{
  "pareto_fronts": [
    [
      {
        "id": 43,
        "rank": 1,
        "crowding_distance": null,
        "weights": [
          0.8220019101412743,
          0.17799808985872573
        ],
        "average_returns": 1501102837.1668448,
        "volatility": 66.5331161674984,
        "sharpe_ratio": 21.866816045191896
      },
      {
        "id": 42,
        "rank": 1,
        "crowding_distance": null,
        "weights": [
          0.8218768173344683,
          0.1781231826655317
        ],
        "average_returns": 1501142171.6356988,
        "volatility": 66.53396938481914,
        "sharpe_ratio": 21.867118910490163
      }
    ]
  ],
  "best_average_return_per_generation": [
    1503864371.4923434,
    1502725271.1174848,
    1503185021.5033007,
    1502383433.8323681,
    1502289053.484506,
    1501566013.889693,
    1501566013.889693,
    1501233537.1401756,
    1501145944.9533002,
    1501145944.9533002
  ],
  "average_return_per_generation": [
    1498320838.412843,
    1501785121.809017,
    1502014997.001925,
    1501614203.1664586,
    1501752597.8024187,
    1501519364.6257672,
    1501318773.9054432,
    1501152535.5306845,
    1501133990.5424645,
    1501138605.4094996
  ],
  "best_average_volatility_per_generation": [
    66.35685354449168,
    66.52752748875012,
    66.52752748875014,
    66.52752748875014,
    66.53557442326677,
    66.54114689925277,
    66.53243729524446,
    66.53243729524446,
    66.53353259479827,
    66.5337328048392
  ],
  "average_volatility_per_generation": [
    66.47516833709587,
    66.54799777939456,
    66.55303626262068,
    66.54426000503628,
    66.54725275728433,
    66.54216107913581,
    66.53780627713165,
    66.5341946302434,
    66.5337919190071,
    66.53389202402757
  ],
  "best_average_sharpe_ratio_per_generation": [
    21.88790062067305,
    21.879247347789963,
    21.882747288686392,
    21.876638541233607,
    21.87591727950936,
    21.870377721011238,
    21.870377721011238,
    21.867822117536658,
    21.867147960199112,
    21.867147960199112
  ],
  "average_sharpe_ratio_per_generation": [
    21.84447608789592,
    21.872038039712876,
    21.873788010161093,
    21.8707336364347,
    21.871802772245687,
    21.870019413649075,
    21.868476343347854,
    21.867198541610563,
    21.86705592083685,
    21.867091453216876
  ],
  "final_summary": {
    "best_return": 1501142171.6356988,
    "population_average_return": 1501122504.4012718,
    "best_volatility": 66.5331161674984,
    "population_average_volatility": 66.53354277615878,
    "best_sharpe": 21.867118910490163,
    "population_average_sharpe": 21.86696747784103
  }
}