{
  "pareto_fronts": [
    [
      {
        "id": 65,
        "rank": 1,
        "crowding_distance": null,
        "weights": [
          0.8308578928942414,
          0.1691421071057587
        ],
        "average_returns": 1498318141.6542633,
        "volatility": 66.47320035778941,
        "sharpe_ratio": 21.845187491767234
      },
      {
        "id": 64,
        "rank": 1,
        "crowding_distance": null,
        "weights": [
          0.825867931726709,
          0.1741320682732909
        ],
        "average_returns": 1499887196.479548,
        "volatility": 66.50684190609955,
        "sharpe_ratio": 21.85741964415267
      }
    ]
  ],
  "best_average_return_per_generation": [
    1503864371.4923434,
    1503864371.4923434,
    1499992835.0399084,
    1499992835.0399084,
    1499992835.0399084,
    1499992835.0399084,
    1499895618.3455453,
    1499889513.7880735,
    1499889513.7880735,
    1499887708.3141708
  ],
  "average_return_per_generation": [
    1498320838.412843,
    1501928603.266126,
    1499992835.0399084,
    1499992835.0399084,
    1499900058.6322365,
    1499923382.1147785,
    1499878835.9683752,
    1499885260.920769,
    1499886137.1148143,
    1499887452.3968594
  ],
  "best_average_volatility_per_generation": [
    66.35685354449168,
    66.50911785120124,
    66.50911785120122,
    66.50911785120122,
    66.50512110235276,
    66.5061254610205,
    66.50630041563005,
    66.50670862161935,
    66.50674636355025,
    66.50684190609957
  ],
  "average_volatility_per_generation": [
    66.47516833709587,
    66.55130049045064,
    66.50911785120124,
    66.50911785120124,
    66.507119476777,
    66.50762165611087,
    66.50666185850578,
    66.50680021922201,
    66.50681909018746,
    66.50684741807692
  ],
  "best_average_sharpe_ratio_per_generation": [
    21.88790062067305,
    21.88790062067305,
    21.85823897626587,
    21.85823897626587,
    21.85823897626587,
    21.858238976265866,
    21.857484983586705,
    21.857437622883655,
    21.857437622883655,
    21.857423615219904
  ],
  "average_sharpe_ratio_per_generation": [
    21.84447608789592,
    21.87306979846946,
    21.858238976265866,
    21.858238976265866,
    21.857519226479255,
    21.8577002447567,
    21.857354770685333,
    21.85740462658304,
    21.85741142476389,
    21.85742162968629
  ],
  "final_summary": {
    "best_return": 1499887196.479548,
    "population_average_return": 1499102669.0669055,
    "best_volatility": 66.47320035778941,
    "population_average_volatility": 66.49002113194447,
    "best_sharpe": 21.85741964415267,
    "population_average_sharpe": 21.851303567959953
  }
}