{
  "pareto_fronts": [
    [
      {
        "id": 108,
        "rank": 1,
        "crowding_distance": null,
        "weights": [
          0.8368355576504494,
          0.16316444234955071
        ],
        "average_returns": 1496438511.048981,
        "volatility": 66.4333028891894,
        "sharpe_ratio": 21.830379591592894
      },
      {
        "id": 109,
        "rank": 1,
        "crowding_distance": null,
        "weights": [
          0.8364080268731791,
          0.1635919731268209
        ],
        "average_returns": 1496572944.8063803,
        "volatility": 66.43614180794881,
        "sharpe_ratio": 21.831444272160212
      }
    ]
  ],
  "best_average_return_per_generation": [
    1503864371.4923434,
    1503864371.4923434,
    1498748176.481212,
    1498748176.481212,
    1498748176.481212,
    1497896111.6865478,
    1496664485.5816648,
    1496664485.5816648,
    1498732572.6252115,
    1497577245.6366143
  ],
  "average_return_per_generation": [
    1498320838.412843,
    1501306273.9867778,
    1498748176.481212,
    1498748176.481212,
    1497532955.129838,
    1497106922.7325058,
    1496491109.6800644,
    1496582728.2672892,
    1497652758.715796,
    1497075095.2214973
  ],
  "best_average_volatility_per_generation": [
    66.35685354449168,
    66.4823901518444,
    66.4823901518444,
    66.4823901518444,
    66.43075428251626,
    66.43075428251626,
    66.43075428251626,
    66.43462161268486,
    66.43614180794881,
    66.43614180794881
  ],
  "average_volatility_per_generation": [
    66.47516833709587,
    66.53793664077222,
    66.4823901518444,
    66.4823901518444,
    66.45657221718034,
    66.44747913210882,
    66.43441525024454,
    66.43634891532885,
    66.45909905265387,
    66.44678162115326
  ],
  "best_average_sharpe_ratio_per_generation": [
    21.88790062067305,
    21.88790062067305,
    21.848551657287743,
    21.848551657287743,
    21.848551657287743,
    21.84187737631126,
    21.832168757462043,
    21.832168757462043,
    21.848429742321223,
    21.839370774567072
  ],
  "average_sharpe_ratio_per_generation": [
    21.84447608789592,
    21.868226138980397,
    21.848551657287743,
    21.848551657287743,
    21.838986994025355,
    21.835649853537117,
    21.830795544112508,
    21.83152156134021,
    21.839937007240717,
    21.835407523363642
  ],
  "final_summary": {
    "best_return": 1496572944.8063803,
    "population_average_return": 1496505727.9276805,
    "best_volatility": 66.4333028891894,
    "population_average_volatility": 66.43472234856911,
    "best_sharpe": 21.831444272160212,
    "population_average_sharpe": 21.830911931876553
  }
}