{
  "pareto_fronts": [
    [
      {
        "id": 131,
        "rank": 1,
        "crowding_distance": null,
        "weights": [
          0.582156161001508,
          0.417843838998492
        ],
        "average_returns": 671428.1984158948,
        "volatility": 1.0061304390427068,
        "sharpe_ratio": 0.655306641512666
      },
      {
        "id": 130,
        "rank": 1,
        "crowding_distance": null,
        "weights": [
          0.5821318081784445,
          0.4178681918215555
        ],
        "average_returns": 671431.8446937209,
        "volatility": 1.0061350195100238,
        "sharpe_ratio": 0.6553072238263689
      }
    ]
  ],
  "best_average_return_per_generation": [
    672409.8379407541,
    672409.8379407541,
    671719.7239577639,
    671464.1923011267,
    671464.1923011267,
    671464.1923011267,
    671450.002527048,
    671450.002527048,
    671450.002527048,
    671436.3232142986
  ],
  "average_return_per_generation": [
    669684.994609799,
    671790.5851343517,
    671445.5281428567,
    671317.762314538,
    671376.147642199,
    671431.6094872297,
    671424.5146001903,
    671439.1004714714,
    671439.1004714714,
    671432.2608150967
  ],
  "best_average_volatility_per_generation": [
    1.0005826432924805,
    1.005807979436543,
    1.005807979436543,
    1.005807979436543,
    1.0059545157984047,
    1.0060937964912895,
    1.0060937964912895,
    1.0061304390427068,
    1.0061304390427068,
    1.0061304390427068
  ],
  "average_volatility_per_generation": [
    1.0039746613249103,
    1.0065873293969414,
    1.006152452624152,
    1.005991818946426,
    1.0060650871273569,
    1.0061347274737993,
    1.0061258136086462,
    1.0061441348843547,
    1.0061441348843547,
    1.0061355423020342
  ],
  "best_average_sharpe_ratio_per_generation": [
    0.6554610566944504,
    0.6554610566944504,
    0.6553529923453376,
    0.6553123869069017,
    0.6553123869069017,
    0.6553123869069017,
    0.6553101226753504,
    0.6553101226753504,
    0.6553101226753504,
    0.6553079389605625
  ],
  "average_sharpe_ratio_per_generation": [
    0.6550022931243009,
    0.6553632559923231,
    0.6553092238177667,
    0.6552889210985489,
    0.6552983027856175,
    0.6553071836575511,
    0.6553060515417755,
    0.6553083820940082,
    0.6553083820940082,
    0.6553072902366143
  ],
  "final_summary": {
    "best_return": 671431.8446937209,
    "population_average_return": 671430.0215548079,
    "best_volatility": 1.0061304390427068,
    "population_average_volatility": 1.0061327292763653,
    "best_sharpe": 0.6553072238263689,
    "population_average_sharpe": 0.6553069326695175
  }
}