{
  "pareto_fronts": [
    [
      {
        "id": 86,
        "rank": 1,
        "crowding_distance": null,
        "weights": [
          0.6132892270617636,
          0.38671077293823647
        ],
        "average_returns": 666766.7343978952,
        "volatility": 1.0003454346205856,
        "sharpe_ratio": 0.65450823638928
      },
      {
        "id": 87,
        "rank": 1,
        "crowding_distance": null,
        "weights": [
          0.6128564969621644,
          0.38714350303783557
        ],
        "average_returns": 666831.525825276,
        "volatility": 1.000424868150541,
        "sharpe_ratio": 0.6545200800934846
      }
    ]
  ],
  "best_average_return_per_generation": [
    672409.8379407541,
    666960.1512788438,
    666960.1512788438,
    666960.1512788438,
    666960.1512788438,
    666960.1512788438,
    666960.1512788438,
    666867.3861392855,
    667132.6716831493,
    666944.8858699335
  ],
  "average_return_per_generation": [
    669684.994609799,
    666960.1512788438,
    666960.1512788438,
    666960.1512788438,
    666960.1512788438,
    666960.1512788438,
    666715.5413993212,
    666669.1588295421,
    666882.9194031393,
    666855.8101339145
  ],
  "best_average_volatility_per_generation": [
    1.0005826432924805,
    1.0005826432924805,
    1.0005826432924805,
    1.0005826432924805,
    1.0005826432924805,
    1.0005826432924805,
    0.9999831348783123,
    0.9999831348783123,
    1.0001817699041269,
    1.0003454346205853
  ],
  "average_volatility_per_generation": [
    1.0039746613249103,
    1.0005826432924805,
    1.0005826432924805,
    1.0005826432924805,
    1.0005826432924805,
    1.0005826432924805,
    1.0002828890853963,
    1.0002259896143684,
    1.000488100902176,
    1.0004546736478437
  ],
  "best_average_sharpe_ratio_per_generation": [
    0.6554610566944504,
    0.6545435295541513,
    0.6545435295541513,
    0.6545435295541513,
    0.6545435295541513,
    0.6545435295541513,
    0.6545435295541513,
    0.65452662613265,
    0.6545748500871653,
    0.6545407509227823
  ],
  "average_sharpe_ratio_per_generation": [
    0.6550022931243009,
    0.6545435295541513,
    0.6545435295541513,
    0.6545435295541513,
    0.6545435295541513,
    0.6545435295541513,
    0.6544987119151655,
    0.6544902602044149,
    0.6545293018276881,
    0.6545244936560313
  ],
  "final_summary": {
    "best_return": 666831.525825276,
    "population_average_return": 666799.1301115856,
    "best_volatility": 1.0003454346205856,
    "population_average_volatility": 1.0003851513855633,
    "best_sharpe": 0.6545200800934846,
    "population_average_sharpe": 0.6545141582413823
  }
}