{
  "pareto_fronts": [
    [
      {
        "id": 65,
        "rank": 1,
        "crowding_distance": null,
        "weights": [
          0.5910941774886203,
          0.4089058225113797
        ],
        "average_returns": 670089.9350348861,
        "volatility": 1.004455125704481,
        "sharpe_ratio": 0.6550884950125666
      },
      {
        "id": 64,
        "rank": 1,
        "crowding_distance": null,
        "weights": [
          0.5910941774696221,
          0.40890582253037777
        ],
        "average_returns": 670089.9350377307,
        "volatility": 1.004455125708029,
        "sharpe_ratio": 0.6550884950130396
      }
    ]
  ],
  "best_average_return_per_generation": [
    672409.8379407541,
    670461.5890133651,
    670118.6114951769,
    670092.9749246581,
    670092.9749246581,
    670091.1241340011,
    670090.572373873,
    670089.9497339397,
    670089.9352991607,
    670089.93503951
  ],
  "average_return_per_generation": [
    669684.994609799,
    670114.1117105433,
    670101.480587197,
    670088.6623019376,
    670090.4120022822,
    670090.1035413665,
    670090.2505481595,
    670089.9392281929,
    670089.9349597355,
    670089.9350357734
  ],
  "best_average_volatility_per_generation": [
    1.0005826432924805,
    1.0040521437352175,
    1.004448157999881,
    1.004448157999881,
    1.004452523461849,
    1.004454062717951,
    1.004455117829627,
    1.004455117829627,
    1.0044551251872917,
    1.0044551257009269
  ],
  "average_volatility_per_generation": [
    1.0039746613249103,
    1.0044856807667684,
    1.0044695303228008,
    1.0044535380188022,
    1.0044557207497862,
    1.0044553359220498,
    1.0044555193121751,
    1.0044551309356873,
    1.004455125610729,
    1.0044551257055883
  ],
  "best_average_sharpe_ratio_per_generation": [
    0.6554610566944504,
    0.6551499642620459,
    0.6550932622730712,
    0.6550890005660487,
    0.6550890005660487,
    0.6550886927729535,
    0.6550886010099888,
    0.6550884974572247,
    0.6550884950565192,
    0.6550884950133351
  ],
  "average_sharpe_ratio_per_generation": [
    0.6550022931243009,
    0.6550922153146834,
    0.6550904141425989,
    0.6550882832890876,
    0.6550885743221043,
    0.6550885230349102,
    0.6550885474863537,
    0.6550884957099716,
    0.6550884950000679,
    0.6550884950127138
  ],
  "final_summary": {
    "best_return": 670089.9350377307,
    "population_average_return": 670089.9350363084,
    "best_volatility": 1.004455125704481,
    "population_average_volatility": 1.0044551257062548,
    "best_sharpe": 0.6550884950130396,
    "population_average_sharpe": 0.6550884950128031
  }
}